metric,count,total,percent,ci95_low,ci95_high
Agent strong recommendation (score=3),754,975,77.33333333333333,74.60099532498204,79.85112440511524
Agent acceptable but noisy (score=2),189,975,19.384615384615383,17.02536180778897,21.984177631482915
Agent weak recommendation (score=1),32,975,3.282051282051282,2.334284060178872,4.596520678810563
Agent LLM-only (tool_count=0),523,975,53.64102564102564,50.50267243802322,56.75079942095784
Agent contains >=1 negative tool,85,975,8.717948717948717,7.105297762109449,10.654633977612278
