score,count,percent
1,32,3.282051282051282
2,189,19.384615384615383
3,754,77.33333333333333
