metric,count,total,percent,ci95_low,ci95_high
Tool exact-match / directly useful (score=3),140,1499,9.33955970647098,7.968630461455663,10.918363350799732
Tool clearly useful (score>=2),220,1499,14.67645096731154,12.975328308410898,16.558163444811797
Tool weakly-to-moderately relevant (1<=score<=2),245,1499,16.344229486324217,14.558764744973805,18.301757614801176
Tool irrelevant / harmful (score<0),1114,1499,74.3162108072048,72.04430549262159,76.46380075091068
Tool completely irrelevant (score=-3),1097,1499,73.18212141427618,70.88225350520084,75.36347192587586
