score,count,percent
-3,1097,73.18212141427618
-2,17,1.134089392928619
-1,0,0.0
0,0,0.0
1,165,11.007338225483656
2,80,5.33689126084056
3,140,9.33955970647098
