{
  "GPT-4": 0.10300465225642834,
  "Qwen-Max": 0.0847315295342705,
  "DeepSeek V2.5": 0.08263213583916965,
  "GLM-4-Plus": 0.07816462605599503,
  "Qwen2-72B": 0.04220621084630759,
  "MTU-LLaMA": 0.0316756520716817,
  "Default_LLM": 0.03102064123881023,
  "nvidia__Llama-3.1-Nemotron-70B-Instruct-HF": 0.027224937438067885,
  "microsoft__phi-4": 0.022085621672460993,
  "microsoft__Phi-3.5-MoE-instruct": 0.021128298147495003,
  "mistralai__Mistral-Large-Instruct-2411": 0.020758804857157254,
  "mistralai__Mixtral-8x7B-Instruct-v0.1": 0.01954955408877916,
  "microsoft__Phi-3.5-mini-instruct": 0.01630809022354344,
  "stabilityai__stablelm-2-12b-chat": 0.014746141314388405,
  "nvidia__AceInstruct-7B": 0.014695755865705984,
  "google__recurrentgemma-9b-it": 0.013452914798206279,
  "deepseek-ai__DeepSeek-R1-Distill-Qwen-32B": 0.013150602106111756,
  "microsoft__Phi-3-mini-128k-instruct": 0.012865084563578039,
  "tiiuae__Falcon3-7B-Instruct": 0.012730723367091584,
  "google__gemma-2-27b-it": 0.011454292000470264,
  "nvidia__AceInstruct-72B": 0.010832871466720411,
  "nvidia__OpenMath2-Llama3.1-8B": 0.010396197578139433,
  "google__mt5-small": 0.009925933390436842,
  "EleutherAI__gpt-neo-125m": 0.009674006147024738,
  "nvidia__AceMath-72B-Instruct": 0.009539644950538285,
  "mistralai__Mixtral-8x22B-v0.1": 0.009489259501855864,
  "togethercomputer__RedPajama-INCITE-Chat-3B-v1": 0.009472464352295058,
  "mistralai__Mistral-7B-Instruct-v0.2": 0.009388488604491024,
  "deepseek-ai__deepseek-llm-7b-chat": 0.008145647536991317,
  "deepseek-ai__deepseek-llm-67b-chat": 0.007994491190944055,
  "Default LLM": 0.007843334844896794,
  "tiiuae__Falcon3-10B-Instruct": 0.007473841554559043,
  "microsoft__Orca-2-7b": 0.007322685208511781,
  "tiiuae__falcon-7b-instruct": 0.00653331317915386,
  "google__gemma-2-2b-jpn-it": 0.006449337431349826,
  "DEFAULT LLM": 0.006398951982667406,
  "google__gemma-1.1-7b-it": 0.006314976234863372,
  "nvidia__Mistral-NeMo-Minitron-8B-Instruct": 0.00579432659847836,
  "amazon__MegaBeam-Mistral-7B-300k": 0.005609579953309484,
  "stabilityai__StableBeluga2": 0.005391243009018995,
  "nvidia__Hymba-1.5B-Instruct": 0.005240086662971734,
  "mistralai__Mixtral-8x7B-v0.1": 0.005105725466485279,
  "tiiuae__Falcon3-3B-Instruct": 0.004870593372633983,
  "google__gemma-2b": 0.004282763138005744,
  "nvidia__AceMath-72B-RM": 0.004030835894593641,
  "tiiuae__falcon-7b": 0.003946860146789607,
  "google__umt5-base": 0.0038964746981071867,
  "google__gemma-2-9b-it": 0.003846089249424766,
  "mistralai__Codestral-22B-v0.1": 0.0036949329033775045,
  "google__switch-base-8": 0.0036781377538166976,
  "microsoft__Phi-3-small-8k-instruct": 0.003426210510404595,
  "internlm__internlm2-chat-1_8b": 0.003207873566114106,
  "microsoft__Phi-3-small-128k-instruct": 0.0030567172200668445,
  "deepseek-ai__DeepSeek-R1-Distill-Qwen-14B": 0.0029895366218236174,
  "GPT-4 Turbo": 0.002905560874019583,
  "internlm__internlm2_5-7b-chat": 0.002905560874019583,
  "GPT-4 + Plugins (set by humans)": 0.00260324818192506,
  "deepseek-ai__DeepSeek-R1-Distill-Qwen-7B": 0.002485682134999412,
  "microsoft__Phi-3-medium-4k-instruct": 0.0022505500411481166,
  "internlm__internlm2_5-20b-chat": 0.002183369442904889,
  "stabilityai__stablelm-zephyr-3b": 0.002166574293344082,
  "AutoGPT-4 (GPT4 backend)": 0.0021497791437832753,
  "tiiuae__Falcon3-Mamba-7B-Base": 0.0021161888446616615,
  "Human": 0.002082598545540048,
  "google__gemma-2-2b": 0.0020490082464184344,
  "tiiuae__falcon-40b-instruct": 0.0019314421994927865,
  "facebook__opt-30b": 0.0018138761525671387,
  "google__mt5-base": 0.0017131052552022976,
  "microsoft__Orca-2-13b": 0.0016627198065198771,
  "nvidia__AceMath-7B-RM": 0.0016459246569590703,
  "tiiuae__Falcon3-Mamba-7B-Instruct": 0.0016459246569590703,
  "google__recurrentgemma-2b-it": 0.0016291295073982634,
  "tiiuae__falcon-40b": 0.0016123343578374565,
  "bigscience__bloom-560m": 0.0015955392082766496,
  "THUDM__glm-4-9b-chat-1m-hf": 0.001578744058715843,
  "stabilityai__stablelm-2-1_6b-chat": 0.001578744058715843,
  "microsoft__Phi-4-mini-instruct": 0.001561948909155036,
  "deepseek-ai__deepseek-moe-16b-chat": 0.0015283586100334223,
  "MTU-LLaMA (Ours)": 0.0015115634604726156,
  "THUDM__glm-4-9b-chat-hf": 0.0015115634604726156,
  "lightblue__suzume-llama-3-8B-multilingual-orpo-borda-top75": 0.001461178011790195,
  "mistralai__Mistral-7B-Instruct-v0.3": 0.001461178011790195,
  "Backbone LLM": 0.0014107925631077745,
  "togethercomputer__RedPajama-INCITE-7B-Chat": 0.0013604071144253539,
  "mistralai__Mistral-Small-24B-Base-2501": 0.0013100216657429334,
  "stabilityai__stablelm-2-zephyr-1_6b": 0.0012932265161821265,
  "gemini-2.5-pro-deepresearch": 0.0012764313666213199,
  "openai-deepresearch": 0.0012764313666213199,
  "lightblue__suzume-llama-3-8B-multilingual-orpo-borda-half": 0.001259636217060513,
  "claude-research": 0.001242841067499706,
  "kimi-researcher": 0.001242841067499706,
  "databricks__dolly-v2-3b": 0.0012260459179388992,
  "doubao-deepresearch": 0.0012260459179388992,
  "EleutherAI__pythia-2.8b": 0.0011756604692564788,
  "lightblue__suzume-llama-3-8B-multilingual-orpo-borda-full": 0.001142070170134865,
  "mistralai__Mistral-Nemo-Instruct-2407": 0.0011252750205740583,
  "nvidia__Nemotron-Mini-4B-Instruct": 0.0010077089736484103,
  "microsoft__Phi-3-medium-128k-instruct": 0.0009909138240876034,
  "togethercomputer__GPT-JT-6B-v1": 0.0009909138240876034,
  "mistralai__Mistral-Small-Instruct-2409": 0.0009573235249659898,
  "THUDM__glm-4-9b-chat": 0.000940528375405183,
  "google__mt5-xxl": 0.0009237332258443761,
  "nvidia__AceMath-7B-Instruct": 0.0009237332258443761,
  "google__gemma-2b-it": 0.0008901429267227625,
  "nvidia__Llama-3.1-Minitron-4B-Depth-Base": 0.0008901429267227625,
  "databricks__dolly-v2-12b": 0.0008397574780403419,
  "openchat__openchat-3.6-8b-20240522": 0.0007725768797971146,
  "google__flan-t5-base": 0.0007389865806755009,
  "google__gemma-7b-it": 0.0007389865806755009,
  "GPT 4o": 0.0007053962815538873,
  "databricks__dbrx-base": 0.0007053962815538873,
  "google__gemma-1.1-2b-it": 0.0006718059824322736,
  "togethercomputer__RedPajama-INCITE-Instruct-3B-v1": 0.0006718059824322736,
  "google__flan-t5-small": 0.0006550108328714667,
  "openchat__openchat-3.5-0106": 0.0006550108328714667,
  "openchat__openchat-3.5-1210": 0.0006550108328714667,
  "nvidia__AceMath-1.5B-Instruct": 0.0006382156833106599,
  "THUDM__glm-4-9b": 0.000621420533749853,
  "tiiuae__Falcon3-1B-Instruct": 0.0006046253841890462,
  "google__flan-t5-xxl": 0.0005542399355066257,
  "togethercomputer__Llama-2-7B-32K-Instruct": 0.0005374447859458188,
  "apple__DCLM-7B": 0.000520649636385012,
  "Claude3.5 Sonnet": 0.0005038544868242052,
  "GPT 4-Turbo": 0.0005038544868242052,
  "google__flan-ul2": 0.0005038544868242052,
  "GPT 4o-mini": 0.00048705933726339833,
  "mistralai__Mistral-Large-Instruct": 0.00048705933726339833,
  "tiiuae__falcon-11B": 0.00048705933726339833,
  "Search engine": 0.00043667388858097784,
  "microsoft__DialoGPT-medium": 0.00043667388858097784,
  "mistralai__Mistral-Nemo-Base-2407": 0.00043667388858097784,
  "google__codegemma-1.1-2b": 0.00041987873902017095,
  "microsoft__Phi-4": 0.00041987873902017095,
  "mosaicml__mpt-7b": 0.0003862884398985573,
  "tiiuae__falcon-mamba-7b": 0.0003862884398985573,
  "deepseek-ai__DeepSeek-R1-Distill-Qwen-1.5B": 0.00036949329033775046,
  "bigscience__bloom-1b7": 0.0003526981407769436,
  "gpt-4": 0.0003526981407769436,
  "tiiuae__Falcon3-10B-Base": 0.0003526981407769436,
  "microsoft__Phi-3-mini-4k-instruct": 0.0003359029912161368,
  "microsoft__phi-3.5-mini-instruct": 0.0003359029912161368,
  "google__recurrentgemma-9b": 0.00031910784165532996,
  "lightblue__suzume-llama-3-8B-multilingual-orpo-borda-top25": 0.00031910784165532996,
  "databricks__dolly-v2-7b": 0.0003023126920945231,
  "togethercomputer__RedPajama-INCITE-7B-Instruct": 0.0003023126920945231,
  "EleutherAI__gpt-neo-1.3B": 0.00028551754253371625,