metric,count,total,percent,ci95_low,ci95_high
Agent strong recommendation (score=3),326,750,43.46666666666667,39.96108178590247,47.038839683010885
Agent acceptable but noisy (score=2),273,750,36.4,33.03385576711928,39.90475627021057
Agent weak recommendation (score=1),102,750,13.6,11.331427754407521,16.239563286681218
Agent LLM-only (tool_count=0),61,750,8.133333333333333,6.38373441554895,10.309639895446885
Agent contains >=1 negative tool,15,750,2.0,1.215699457157009,3.273519498124844
Agent internal tools all score 3,671,750,89.46666666666667,87.06489354703514,91.46619308973312
