score,count,percent
-3,0,0.0
-2,0,0.0
-1,74,10.335195530726256
0,0,0.0
1,642,89.66480446927375
2,0,0.0
3,0,0.0
