score,count,percent
-3,417,19.866603144354453
-2,3,0.14292520247737017
-1,2,0.09528346831824679
0,0,0.0
1,388,18.484992853739875
2,153,7.289185326345879
3,1136,54.12101000476417
